{"cameraMode":{"drawMode":0,"name":"Shaded","section":"Shading Mode"},"sceneLighting":false,"audioPlay":false,"sceneViewState":{"m_AlwaysRefresh":false,"showFog":true,"showSkybox":false,"showFlares":true,"showImageEffects":true,"showParticleSystems":true,"showVisualEffectGraphs":true,"m_FxEnabled":true},"in2DMode":false,"pivot":{"x":-0.6563301086425781,"y":0.006084874272346497,"z":0.36011120676994326},"rotation":{"x":0.21263127028942109,"y":0.31771788001060488,"z":-0.073507159948349,"w":0.9212140440940857},"size":0.8660253882408142,"orthographic":false}