{"cameraMode":{"drawMode":0,"name":"Shaded","section":"Shading Mode"},"sceneLighting":true,"audioPlay":false,"sceneViewState":{"m_AlwaysRefresh":false,"showFog":true,"showSkybox":true,"showFlares":true,"showImageEffects":true,"showParticleSystems":true,"showVisualEffectGraphs":true,"m_FxEnabled":true},"in2DMode":false,"pivot":{"x":0.8675096035003662,"y":-1.2923836708068848,"z":0.12198257446289063},"rotation":{"x":0.3923006057739258,"y":-0.1769849956035614,"z":0.07700765877962113,"w":0.899491548538208},"size":8.664976119995118,"orthographic":false}