{"cameraMode":{"drawMode":0,"name":"Shaded","section":"Shading Mode"},"sceneLighting":true,"audioPlay":false,"sceneViewState":{"m_AlwaysRefresh":false,"showFog":true,"showSkybox":true,"showFlares":true,"showImageEffects":true,"showParticleSystems":true,"showVisualEffectGraphs":true,"m_FxEnabled":true},"in2DMode":false,"pivot":{"x":2.9338550567626955,"y":-0.18549156188964845,"z":-5.798157691955566},"rotation":{"x":0.3804212808609009,"y":-0.45445674657821658,"z":0.22340835630893708,"w":0.773861289024353},"size":10.298531532287598,"orthographic":false}