{"cameraMode":{"drawMode":0,"name":"Shaded","section":"Shading Mode"},"sceneLighting":true,"audioPlay":false,"sceneViewState":{"m_AlwaysRefresh":false,"showFog":true,"showSkybox":true,"showFlares":true,"showImageEffects":true,"showParticleSystems":true,"showVisualEffectGraphs":true,"m_FxEnabled":true},"in2DMode":false,"pivot":{"x":306.56402587890627,"y":747.6129150390625,"z":183.8282470703125},"rotation":{"x":0.11903762072324753,"y":0.035736266523599628,"z":-0.00428677536547184,"w":0.9922403693199158},"size":828.3197631835938,"orthographic":false}