{"cameraMode":{"drawMode":0,"name":"Shaded","section":"Shading Mode"},"sceneLighting":true,"audioPlay":false,"sceneViewState":{"m_AlwaysRefresh":false,"showFog":true,"showSkybox":true,"showFlares":true,"showImageEffects":true,"showParticleSystems":true,"showVisualEffectGraphs":true,"m_FxEnabled":true},"in2DMode":false,"pivot":{"x":2.549467086791992,"y":-38.21198272705078,"z":19.578044891357423},"rotation":{"x":0.5576560497283936,"y":0.008998452685773373,"z":-0.0060280924662947659,"w":0.8300625085830689},"size":28.553569793701173,"orthographic":false}