{"cameraMode":{"drawMode":0,"name":"Shaded","section":"Shading Mode"},"sceneLighting":true,"audioPlay":false,"sceneViewState":{"m_AlwaysRefresh":false,"showFog":true,"showSkybox":true,"showFlares":true,"showImageEffects":true,"showParticleSystems":true,"showVisualEffectGraphs":true,"m_FxEnabled":true},"in2DMode":false,"pivot":{"x":1.2336119413375855,"y":1.877750039100647,"z":-0.42710232734680178},"rotation":{"x":0.2893436849117279,"y":0.3730141520500183,"z":-0.12361714243888855,"w":0.8729044198989868},"size":1.2655152082443238,"orthographic":false}